Location,Disabled,Reason,Date,Unnamed: 4
A3015CR1,Y,Pillars,45265.0,
A3015CR2,Y,Pillars,45265.0,
A3015CR3,Y,Pillars,45265.0,
A3015CR4,Y,Pillars,45265.0,
A3015EM1,Y,Pillars,45265.0,
A3015EM2,Y,Pillars,45265.0,
A3015EM3,Y,Pillars,45265.0,
A3015EM4,Y,Pillars,45265.0,
A3015EM5,Y,Pillars,45265.0,
A3015JE1,Y,Pillars,45265.0,
A3015JE2,Y,Pillars,45265.0,
A3015JE3,Y,Pillars,45265.0,
A3015JE4,Y,Pillars,45265.0,
A3015JE5,Y,Pillars,45265.0,
A3015JD1,Y,Pillars,45265.0,
A3015JD2,Y,Pillars,45265.0,
A3015JD3,Y,Pillars,45265.0,
A3015JD4,Y,Pillars,45265.0,
A3015JD5,Y,Pillars,45265.0,
A3015JZ1,Y,Pillars,45265.0,
A3015JZ2,Y,Pillars,45265.0,
A3015JZ3,Y,Pillars,45265.0,
A3015JZ4,Y,Pillars,45265.0,
A3015JZ5,Y,Pillars,45265.0,
A3015LA1,Y,Pillars,45265.0,
A3015LA2,Y,Pillars,45265.0,
A3015LA3,Y,Pillars,45265.0,
A3015LA4,Y,Pillars,45265.0,
A3015LA5,Y,Pillars,45265.0,
A3010LJ1,Y,Change to RP location,45265.0,
A3010LJ2,Y,Change to RP location,45265.0,
A3010LJ3,Y,Change to RP location,45265.0,
A3010LJ4,Y,Change to RP location,45265.0,
A3010LK1,Y,Change to RP location,45265.0,
A3010LK2,Y,Change to RP location,45265.0,
A3010LK3,Y,Change to RP location,45265.0,
A3010LK4,Y,Change to RP location,45265.0,
A3010LL1,Y,Change to RP location,45265.0,
A3010LL2,Y,Change to RP location,45265.0,
A3010LL3,Y,Change to RP location,45265.0,
A3010LL4,Y,Change to RP location,45265.0,
A3010LM1,Y,Change to RP location,45265.0,
A3010LM2,Y,Change to RP location,45265.0,
A3010LM3,Y,Change to RP location,45265.0,
A3010LM4,Y,Change to RP location,45265.0,
A3010LN1,Y,Change to RP location,45265.0,
A3010LN2,Y,Change to RP location,45265.0,
A3010LN3,Y,Change to RP location,45265.0,
A3010LN4,Y,Change to RP location,45265.0,
A3010LP1,Y,Change to RP location,45265.0,
A3010LP2,Y,Change to RP location,45265.0,
A3010LP3,Y,Change to RP location,45265.0,
A3015CA8,Y,not exist,45265.0,
A3015CB8,Y,not exist,45265.0,
A3015CC8,Y,not exist,45265.0,
A3015CD8,Y,not exist,45265.0,
A3015CE8,Y,not exist,45265.0,
A3015CF8,Y,not exist,45265.0,
A3015CG8,Y,not exist,45265.0,
A3015CH8,Y,not exist,45265.0,
A3015CJ8,Y,not exist,45265.0,
A3015CK8,Y,not exist,45265.0,
A3015CL8,Y,not exist,45265.0,
A3015CM8,Y,not exist,45265.0,
A3015CN8,Y,not exist,45265.0,
A3015CP8,Y,not exist,45265.0,
A3015CQ8,Y,not exist,45265.0,
A3015CR8,Y,Pillars,45265.0,
A3015CS8,Y,not exist,45265.0,
A3015CT8,Y,not exist,45265.0,
A3015GG1,Y,CrossAisle,45265.0,
A3015GG2,Y,CrossAisle,45265.0,
A3015GG3,Y,CrossAisle,45265.0,
A3015GG4,Y,CrossAisle,45265.0,
A3015GG5,Y,CrossAisle,45265.0,
A3015GG6,Y,CrossAisle,45265.0,
A3015GG7,Y,CrossAisle,45265.0,
A3015GG8,Y,CrossAisle,45265.0,
A3014MA1,Y,Pillars,45265.0,
A3014MA2,Y,Pillars,45265.0,
A3014MA3,Y,Pillars,45265.0,
A3014MA4,Y,Pillars,45265.0,
A3014MA5,Y,Pillars,45265.0,
A3014KZ1,Y,Pillars,45265.0,
A3014KZ2,Y,Pillars,45265.0,
A3014KZ3,Y,Pillars,45265.0,
A3014KZ4,Y,Pillars,45265.0,
A3014KZ5,Y,Pillars,45265.0,
A3014KE1,Y,Pillars,45265.0,
A3014KE2,Y,Pillars,45265.0,
A3014KE3,Y,Pillars,45265.0,
A3014KE4,Y,Pillars,45265.0,
A3014KE5,Y,Pillars,45265.0,
A3014KD1,Y,Pillars,45265.0,
A3014KD2,Y,Pillars,45265.0,
A3014KD3,Y,Pillars,45265.0,
A3014KD4,Y,Pillars,45265.0,
A3014KD5,Y,Pillars,45265.0,
A3014HJ1,Y,Pillars,45265.0,
A3014HJ5,Y,Pillars,45265.0,
A3014FM1,Y,Pillars,45265.0,
A3014FM2,Y,Pillars,45265.0,
A3014FM3,Y,Pillars,45265.0,
A3014FM4,Y,Pillars,45265.0,
A3014FM5,Y,Pillars,45265.0,
A3014DR1,Y,Pillars,45265.0,
A3014DR2,Y,Pillars,45265.0,
A3014DR3,Y,Pillars,45265.0,
A3014DR4,Y,Pillars,45265.0,
A3016DR1,Y,Pillars,45265.0,
A3016DR2,Y,Pillars,45265.0,
A3016DR3,Y,Pillars,45265.0,
A3016DR4,Y,Pillars,45265.0,
A3017CY1,Y,Pillars,45265.0,
A3017CY2,Y,Pillars,45265.0,
A3017CY3,Y,Pillars,45265.0,
A3017CY4,Y,Pillars,45265.0,
A3017CZ1,Y,Pillars,45265.0,
A3017CZ2,Y,Pillars,45265.0,
A3017CZ3,Y,Pillars,45265.0,
A3017CZ4,Y,Pillars,45265.0,
A3017GE1,Y,Pillars,45265.0,
A3017GE2,Y,Pillars,45265.0,
A3017GE3,Y,Pillars,45265.0,
A3017GE4,Y,Pillars,45265.0,
A3017GE5,Y,Pillars,45265.0,
A3017GF1,Y,Pillars,45265.0,
A3017GF2,Y,Pillars,45265.0,
A3017GF3,Y,Pillars,45265.0,
A3017GF4,Y,Pillars,45265.0,
A3017GF5,Y,Pillars,45265.0,
A3016FM1,Y,Pillars,45265.0,
A3016FM2,Y,Pillars,45265.0,
A3016FM3,Y,Pillars,45265.0,
A3016FM4,Y,Pillars,45265.0,
A3016FM5,Y,Pillars,45265.0,
A3017JN1,Y,Pillars,45265.0,??
A3017JN2,Y,Pillars,45265.0,
A3017JN3,Y,Pillars,45265.0,
A3017JN4,Y,Pillars,45265.0,
A3017JN5,Y,Pillars,45265.0,
A3017LT1,Y,Pillars,45265.0,
A3017LT2,Y,Pillars,45265.0,
A3017LT3,Y,Pillars,45265.0,
A3017LT4,Y,Pillars,45265.0,
A3017LT5,Y,Pillars,45265.0,
A3017LU1,Y,Pillars,45265.0,
A3017LU2,Y,Pillars,45265.0,
A3017LU3,Y,Pillars,45265.0,
A3017LU4,Y,Pillars,45265.0,
A3017LU5,Y,Pillars,45265.0,
A3016KE1,Y,Pillars,45265.0,
A3016KE2,Y,Pillars,45265.0,
A3016KE3,Y,Pillars,45265.0,
A3016KE4,Y,Pillars,45265.0,
A3016KE5,Y,Pillars,45265.0,
A3016KD1,Y,Pillars,45265.0,
A3016KD2,Y,Pillars,45265.0,
A3016KD3,Y,Pillars,45265.0,
A3016KD4,Y,Pillars,45265.0,
A3016KD5,Y,Pillars,45265.0,
A3016KZ1,Y,Pillars,45265.0,
A3016KZ2,Y,Pillars,45265.0,
A3016KZ3,Y,Pillars,45265.0,
A3016KZ4,Y,Pillars,45265.0,
A3016KZ5,Y,Pillars,45265.0,
A3016MA1,Y,Pillars,45265.0,
A3016MA2,Y,Pillars,45265.0,
A3016MA3,Y,Pillars,45265.0,
A3016MA4,Y,Pillars,45265.0,
A3016MA5,Y,Pillars,45265.0,
A3017NZ1,Y,Pillars,45265.0,
A3017NZ2,Y,Pillars,45265.0,
A3017NZ3,Y,Pillars,45265.0,
A3017NZ4,Y,Pillars,45265.0,
A3017NZ5,Y,Pillars,45265.0,
A3017QA1,Y,Pillars,45265.0,
A3017QA2,Y,Pillars,45265.0,
A3017QA3,Y,Pillars,45265.0,
A3017QA4,Y,Pillars,45265.0,
A3017QA5,Y,Pillars,45265.0,
A3015MH1,Y,"Stuffs, Kim storage them temporary",45265.0,
A3015MN1,Y,Workspace,45265.0,
A3015MP1,Y,Workspace,45265.0,
A3014LN1,Y,Workspace,45265.0,
A3014LP1,Y,Workspace,45265.0,
A3013DA1,Y,Workspace,45265.0,
A3013DB1,Y,Workspace,45265.0,
A3015CR5,Y,Pillars,45265.0,
A3015CR6,Y,Pillars,45265.0,
A3015CR7,Y,Pillars,45265.0,
A3015EM6,Y,Pillars,45265.0,
A3015EM7,Y,Pillars,45265.0,
A3015EM8,Y,Pillars,45265.0,
A3015GE1,Y,CrossAisle,45265.0,
A3015GE2,Y,CrossAisle,45265.0,
A3015GE3,Y,CrossAisle,45265.0,
A3015GE4,Y,CrossAisle,45265.0,
A3015GE5,Y,CrossAisle,45265.0,
A3015GE6,Y,CrossAisle,45265.0,
A3015GE7,Y,CrossAisle,45265.0,
A3015GE8,Y,CrossAisle,45265.0,
A3015GF1,Y,CrossAisle,45265.0,
A3015GF2,Y,CrossAisle,45265.0,
A3015GF3,Y,CrossAisle,45265.0,
A3015GF4,Y,CrossAisle,45265.0,
A3015GF5,Y,CrossAisle,45265.0,
A3015GF6,Y,CrossAisle,45265.0,
A3015GF7,Y,CrossAisle,45265.0,
A3015GF8,Y,CrossAisle,45265.0,
A3015GH1,Y,CrossAisle,45265.0,
A3015GH2,Y,CrossAisle,45265.0,
A3015GH3,Y,CrossAisle,45265.0,
A3015GH4,Y,CrossAisle,45265.0,
A3015GH5,Y,CrossAisle,45265.0,
A3015GH6,Y,CrossAisle,45265.0,
A3015GH7,Y,CrossAisle,45265.0,
A3015GH8,Y,CrossAisle,45265.0,
A3015JD6,Y,Pillars,45265.0,
A3015JD7,Y,Pillars,45265.0,
A3015JD8,Y,Pillars,45265.0,
A3015JE6,Y,Pillars,45265.0,
A3015JE7,Y,Pillars,45265.0,
A3015JE8,Y,Pillars,45265.0,
A3015JZ6,Y,Pillars,45265.0,
A3015JZ7,Y,Pillars,45265.0,
A3015JZ8,Y,Pillars,45265.0,
A3015LA6,Y,Pillars,45265.0,
A3015LA7,Y,Pillars,45265.0,
A3015LA8,Y,Pillars,45265.0,
A3015LC8,Y,not exist,45265.0,
A3015LD8,Y,not exist,45265.0,
A3015LE8,Y,not exist,45265.0,
A3015LF8,Y,not exist,45265.0,
A3015LG8,Y,not exist,45265.0,
A3015LH8,Y,not exist,45265.0,
A3015LJ8,Y,not exist,45265.0,
A3015LK8,Y,not exist,45265.0,
A3015LL8,Y,not exist,45265.0,
A3015LM8,Y,not exist,45265.0,
A3015LN8,Y,not exist,45265.0,
A3015LP8,Y,not exist,45265.0,
A3014FD1,Y,fire hydrant,45265.0,
A3010GG1,ZZ,CrossAisle,,
A3010GG2,ZZ,CrossAisle,,
A3010GG3,ZZ,CrossAisle,,
A3010GG4,ZZ,CrossAisle,,
A3011GG1,ZZ,CrossAisle,,
A3011GG2,ZZ,CrossAisle,,
A3011GG3,ZZ,CrossAisle,,
A3011GG4,ZZ,CrossAisle,,
A3012GG1,ZZ,CrossAisle,,
A3012GG2,ZZ,CrossAisle,,
A3012GG3,ZZ,CrossAisle,,
A3012GG4,ZZ,CrossAisle,,
A3013GG1,ZZ,CrossAisle,,
A3013GG2,ZZ,CrossAisle,,
A3013GG3,ZZ,CrossAisle,,
A3013GG4,ZZ,CrossAisle,,
A3014GG1,ZZ,CrossAisle,,
A3014GG2,ZZ,CrossAisle,,
A3014GG3,ZZ,CrossAisle,,
A3014GG4,ZZ,CrossAisle,,
A3016GG1,ZZ,CrossAisle,,
A3016GG2,ZZ,CrossAisle,,
A3016GG3,ZZ,CrossAisle,,
A3016GG4,ZZ,CrossAisle,,
A3020GG1,ZZ,CrossAisle,,
A3020GG2,ZZ,CrossAisle,,
A3020GG3,ZZ,CrossAisle,,
A3020GG4,ZZ,CrossAisle,,
A3021GG1,ZZ,CrossAisle,,
A3021GG2,ZZ,CrossAisle,,
A3021GG3,ZZ,CrossAisle,,
A3021GG4,ZZ,CrossAisle,,
A3022GG1,ZZ,CrossAisle,,
A3022GG2,ZZ,CrossAisle,,
A3022GG3,ZZ,CrossAisle,,
A3022GG4,ZZ,CrossAisle,,
A3023GG1,ZZ,CrossAisle,,
A3023GG2,ZZ,CrossAisle,,
A3023GG3,ZZ,CrossAisle,,
A3023GG4,ZZ,CrossAisle,,
A3024GG1,ZZ,CrossAisle,,
A3024GG2,ZZ,CrossAisle,,
A3024GG3,ZZ,CrossAisle,,
A3024GG4,ZZ,CrossAisle,,
A3025GG1,ZZ,CrossAisle,,
A3025GG2,ZZ,CrossAisle,,
A3025GG3,ZZ,CrossAisle,,
A3025GG4,ZZ,CrossAisle,,
A3019CB1,ZZ,Special Aisle,,
A3019CB2,ZZ,Special Aisle,,
A3019CB3,ZZ,Special Aisle,,
A3019CB4,ZZ,Special Aisle,,
A3019CC1,ZZ,Special Aisle,,
A3019CC2,ZZ,Special Aisle,,
A3019CC3,ZZ,Special Aisle,,
A3019CC4,ZZ,Special Aisle,,
A3019CF1,ZZ,Special Aisle,,
A3019CF2,ZZ,Special Aisle,,
A3019CF3,ZZ,Special Aisle,,
A3019CF4,ZZ,Special Aisle,,
A3019CG1,ZZ,Special Aisle,,
A3019CG2,ZZ,Special Aisle,,
A3019CG3,ZZ,Special Aisle,,
A3019CG4,ZZ,Special Aisle,,
A3019CK1,ZZ,Special Aisle,,
A3019CK2,ZZ,Special Aisle,,
A3019CK3,ZZ,Special Aisle,,
A3019CK4,ZZ,Special Aisle,,
A3019CL1,ZZ,Special Aisle,,
A3019CL2,ZZ,Special Aisle,,
A3019CL3,ZZ,Special Aisle,,
A3019CL4,ZZ,Special Aisle,,
A3019CP1,ZZ,Special Aisle,,
A3019CP2,ZZ,Special Aisle,,
A3019CP3,ZZ,Special Aisle,,
A3019CP4,ZZ,Special Aisle,,
A3019CQ1,ZZ,Special Aisle,,
A3019CQ2,ZZ,Special Aisle,,
A3019CQ3,ZZ,Special Aisle,,
A3019CQ4,ZZ,Special Aisle,,
A3019CT1,ZZ,Special Aisle,,
A3019CT2,ZZ,Special Aisle,,
A3019CT3,ZZ,Special Aisle,,
A3019CT4,ZZ,Special Aisle,,
A3019CU1,ZZ,Special Aisle,,
A3019CU2,ZZ,Special Aisle,,
A3019CU3,ZZ,Special Aisle,,
A3019CU4,ZZ,Special Aisle,,
A3019CX1,ZZ,Special Aisle,,
A3019CX2,ZZ,Special Aisle,,
A3019CX3,ZZ,Special Aisle,,
A3019CX4,ZZ,Special Aisle,,
A3019CY1,ZZ,Special Aisle,,
A3019CY2,ZZ,Special Aisle,,
A3019CY3,ZZ,Special Aisle,,
A3019CY4,ZZ,Special Aisle,,
A3019EB1,ZZ,Special Aisle,,
A3019EB2,ZZ,Special Aisle,,
A3019EB3,ZZ,Special Aisle,,
A3019EB4,ZZ,Special Aisle,,
A3019EC1,ZZ,Special Aisle,,
A3019EC2,ZZ,Special Aisle,,
A3019EC3,ZZ,Special Aisle,,
A3019EC4,ZZ,Special Aisle,,
A3019EF1,ZZ,Special Aisle,,
A3019EF2,ZZ,Special Aisle,,
A3019EF3,ZZ,Special Aisle,,
A3019EF4,ZZ,Special Aisle,,
A3019EG1,ZZ,Special Aisle,,
A3019EG2,ZZ,Special Aisle,,
A3019EG3,ZZ,Special Aisle,,
A3019EG4,ZZ,Special Aisle,,
A3019EK1,ZZ,Special Aisle,,
A3019EK2,ZZ,Special Aisle,,
A3019EK3,ZZ,Special Aisle,,
A3019EK4,ZZ,Special Aisle,,
A3019EL1,ZZ,Special Aisle,,
A3019EL2,ZZ,Special Aisle,,
A3019EL3,ZZ,Special Aisle,,
A3019EL4,ZZ,Special Aisle,,
A3019EP1,ZZ,Special Aisle,,
A3019EP2,ZZ,Special Aisle,,
A3019EP3,ZZ,Special Aisle,,
A3019EP4,ZZ,Special Aisle,,
A3019EQ1,ZZ,Special Aisle,,
A3019EQ2,ZZ,Special Aisle,,
A3019EQ3,ZZ,Special Aisle,,
A3019EQ4,ZZ,Special Aisle,,
A3019ET1,ZZ,Special Aisle,,
A3019ET2,ZZ,Special Aisle,,
A3019ET3,ZZ,Special Aisle,,
A3019ET4,ZZ,Special Aisle,,
A3019EU1,ZZ,Special Aisle,,
A3019EU2,ZZ,Special Aisle,,
A3019EU3,ZZ,Special Aisle,,
A3019EU4,ZZ,Special Aisle,,
A3019EX1,ZZ,Special Aisle,,
A3019EX2,ZZ,Special Aisle,,
A3019EX3,ZZ,Special Aisle,,
A3019EX4,ZZ,Special Aisle,,
A3019EY1,ZZ,Special Aisle,,
A3019EY2,ZZ,Special Aisle,,
A3019EY3,ZZ,Special Aisle,,
A3019EY4,ZZ,Special Aisle,,
A3019GB1,ZZ,Special Aisle,,
A3019GB2,ZZ,Special Aisle,,
A3019GB3,ZZ,Special Aisle,,
A3019GB4,ZZ,Special Aisle,,
A3019GC1,ZZ,Special Aisle,,
A3019GC2,ZZ,Special Aisle,,
A3019GC3,ZZ,Special Aisle,,
A3019GC4,ZZ,Special Aisle,,
A3019GF1,ZZ,Special Aisle,,
A3019GF2,ZZ,Special Aisle,,
A3019GF3,ZZ,Special Aisle,,
A3019GF4,ZZ,Special Aisle,,
A3019GG1,ZZ,Special Aisle,,
A3019GG2,ZZ,Special Aisle,,
A3019GG3,ZZ,Special Aisle,,
A3019GG4,ZZ,Special Aisle,,
A3019GK1,ZZ,Special Aisle,,
A3019GK2,ZZ,Special Aisle,,
A3019GK3,ZZ,Special Aisle,,
A3019GK4,ZZ,Special Aisle,,
A3019GL1,ZZ,Special Aisle,,
A3019GL2,ZZ,Special Aisle,,
A3019GL3,ZZ,Special Aisle,,
A3019GL4,ZZ,Special Aisle,,
A3019GP1,ZZ,Special Aisle,,
A3019GP2,ZZ,Special Aisle,,
A3019GP3,ZZ,Special Aisle,,
A3019GP4,ZZ,Special Aisle,,
A3019GQ1,ZZ,Special Aisle,,
A3019GQ2,ZZ,Special Aisle,,
A3019GQ3,ZZ,Special Aisle,,
A3019GQ4,ZZ,Special Aisle,,
A3019GT1,ZZ,Special Aisle,,
A3019GT2,ZZ,Special Aisle,,
A3019GT3,ZZ,Special Aisle,,
A3019GT4,ZZ,Special Aisle,,
A3019GU1,ZZ,Special Aisle,,
A3019GU2,ZZ,Special Aisle,,
A3019GU3,ZZ,Special Aisle,,
A3019GU4,ZZ,Special Aisle,,
A3019GX1,ZZ,Special Aisle,,
A3019GX2,ZZ,Special Aisle,,
A3019GX3,ZZ,Special Aisle,,
A3019GX4,ZZ,Special Aisle,,
A3019GY1,ZZ,Special Aisle,,
A3019GY2,ZZ,Special Aisle,,
A3019GY3,ZZ,Special Aisle,,
A3019GY4,ZZ,Special Aisle,,
A3019JB1,ZZ,Special Aisle,,
A3019JB2,ZZ,Special Aisle,,
A3019JB3,ZZ,Special Aisle,,
A3019JB4,ZZ,Special Aisle,,
A3019JC1,ZZ,Special Aisle,,
A3019JC2,ZZ,Special Aisle,,
A3019JC3,ZZ,Special Aisle,,
A3019JC4,ZZ,Special Aisle,,
A3019JF1,ZZ,Special Aisle,,
A3019JF2,ZZ,Special Aisle,,
A3019JF3,ZZ,Special Aisle,,
A3019JF4,ZZ,Special Aisle,,
A3019JG1,ZZ,Special Aisle,,
A3019JG2,ZZ,Special Aisle,,
A3019JG3,ZZ,Special Aisle,,
A3019JG4,ZZ,Special Aisle,,
A3019JK1,ZZ,Special Aisle,,
A3019JK2,ZZ,Special Aisle,,
A3019JK3,ZZ,Special Aisle,,
A3019JK4,ZZ,Special Aisle,,
A3019JL1,ZZ,Special Aisle,,
A3019JL2,ZZ,Special Aisle,,
A3019JL3,ZZ,Special Aisle,,
A3019JL4,ZZ,Special Aisle,,
A3019JP1,ZZ,Special Aisle,,
A3019JP2,ZZ,Special Aisle,,
A3019JP3,ZZ,Special Aisle,,
A3019JP4,ZZ,Special Aisle,,
A3019JQ1,ZZ,Special Aisle,,
A3019JQ2,ZZ,Special Aisle,,
A3019JQ3,ZZ,Special Aisle,,
A3019JQ4,ZZ,Special Aisle,,
A3019JT1,ZZ,Special Aisle,,
A3019JT2,ZZ,Special Aisle,,
A3019JT3,ZZ,Special Aisle,,
A3019JT4,ZZ,Special Aisle,,
A3019JU1,ZZ,Special Aisle,,
A3019JU2,ZZ,Special Aisle,,
A3019JU3,ZZ,Special Aisle,,
A3019JU4,ZZ,Special Aisle,,
A3019JX1,ZZ,Special Aisle,,
A3019JX2,ZZ,Special Aisle,,
A3019JX3,ZZ,Special Aisle,,
A3019JX4,ZZ,Special Aisle,,
A3019JY1,ZZ,Special Aisle,,
A3019JY2,ZZ,Special Aisle,,
A3019JY3,ZZ,Special Aisle,,
A3019JY4,ZZ,Special Aisle,,
A3019LB1,ZZ,Special Aisle,,
A3019LB2,ZZ,Special Aisle,,
A3019LB3,ZZ,Special Aisle,,
A3019LB4,ZZ,Special Aisle,,
A3019LC1,ZZ,Special Aisle,,
A3019LC2,ZZ,Special Aisle,,
A3019LC3,ZZ,Special Aisle,,
A3019LC4,ZZ,Special Aisle,,
A3019LF1,ZZ,Special Aisle,,
A3019LF2,ZZ,Special Aisle,,
A3019LF3,ZZ,Special Aisle,,
A3019LF4,ZZ,Special Aisle,,
A3019LG1,ZZ,Special Aisle,,
A3019LG2,ZZ,Special Aisle,,
A3019LG3,ZZ,Special Aisle,,
A3019LG4,ZZ,Special Aisle,,
A3019LJ1,ZZ,Special Aisle,,
A3019LJ2,ZZ,Special Aisle,,
A3019LJ3,ZZ,Special Aisle,,
A3019LJ4,ZZ,Special Aisle,,
A3019LK1,ZZ,Special Aisle,,
A3019LK2,ZZ,Special Aisle,,
A3019LK3,ZZ,Special Aisle,,
A3019LK4,ZZ,Special Aisle,,
A3019LL1,ZZ,Special Aisle,,
A3019LL2,ZZ,Special Aisle,,
A3019LL3,ZZ,Special Aisle,,
A3019LL4,ZZ,Special Aisle,,
A3019LM1,ZZ,Special Aisle,,
A3019LM2,ZZ,Special Aisle,,
A3019LM3,ZZ,Special Aisle,,
A3019LM4,ZZ,Special Aisle,,
A3019LN1,ZZ,Special Aisle,,
A3019LN2,ZZ,Special Aisle,,
A3019LN3,ZZ,Special Aisle,,
A3019LN4,ZZ,Special Aisle,,
A3019LP1,ZZ,Special Aisle,,
A3019LP2,ZZ,Special Aisle,,
A3019LP3,ZZ,Special Aisle,,
A3019LP4,ZZ,Special Aisle,,
A3019LQ1,ZZ,Special Aisle,,
A3019LQ2,ZZ,Special Aisle,,
A3019LQ3,ZZ,Special Aisle,,
A3019LQ4,ZZ,Special Aisle,,
A3019LR1,ZZ,Special Aisle,,
A3019LR2,ZZ,Special Aisle,,
A3019LR3,ZZ,Special Aisle,,
A3019LR4,ZZ,Special Aisle,,
A3019LT1,ZZ,Special Aisle,,
A3019LT2,ZZ,Special Aisle,,
A3019LT3,ZZ,Special Aisle,,
A3019LT4,ZZ,Special Aisle,,
A3019LU1,ZZ,Special Aisle,,
A3019LU2,ZZ,Special Aisle,,
A3019LU3,ZZ,Special Aisle,,
A3019LU4,ZZ,Special Aisle,,
A3019LX1,ZZ,Special Aisle,,
A3019LX2,ZZ,Special Aisle,,
A3019LX3,ZZ,Special Aisle,,
A3019LX4,ZZ,Special Aisle,,
A3019LY1,ZZ,Special Aisle,,
A3019LY2,ZZ,Special Aisle,,
A3019LY3,ZZ,Special Aisle,,
A3019LY4,ZZ,Special Aisle,,
A3019NB1,ZZ,Special Aisle,,
A3019NB2,ZZ,Special Aisle,,
A3019NB3,ZZ,Special Aisle,,
A3019NB4,ZZ,Special Aisle,,
A3019NC1,ZZ,Special Aisle,,
A3019NC2,ZZ,Special Aisle,,
A3019NC3,ZZ,Special Aisle,,
A3019NC4,ZZ,Special Aisle,,
A3019NF1,ZZ,Special Aisle,,
A3019NF2,ZZ,Special Aisle,,
A3019NF3,ZZ,Special Aisle,,
A3019NF4,ZZ,Special Aisle,,
A3019NG1,ZZ,Special Aisle,,
A3019NG2,ZZ,Special Aisle,,
A3019NG3,ZZ,Special Aisle,,
A3019NG4,ZZ,Special Aisle,,
A3019NK1,ZZ,Special Aisle,,
A3019NK2,ZZ,Special Aisle,,
A3019NK3,ZZ,Special Aisle,,
A3019NK4,ZZ,Special Aisle,,
A3019NL1,ZZ,Special Aisle,,
A3019NL2,ZZ,Special Aisle,,
A3019NL3,ZZ,Special Aisle,,
A3019NL4,ZZ,Special Aisle,,
A3019NP1,ZZ,Special Aisle,,
A3019NP2,ZZ,Special Aisle,,
A3019NP3,ZZ,Special Aisle,,
A3019NP4,ZZ,Special Aisle,,
A3019NQ1,ZZ,Special Aisle,,
A3019NQ2,ZZ,Special Aisle,,
A3019NQ3,ZZ,Special Aisle,,
A3019NQ4,ZZ,Special Aisle,,
A3019NT1,ZZ,Special Aisle,,
A3019NT2,ZZ,Special Aisle,,
A3019NT3,ZZ,Special Aisle,,
A3019NT4,ZZ,Special Aisle,,
A3019NU1,ZZ,Special Aisle,,
A3019NU2,ZZ,Special Aisle,,
A3019NU3,ZZ,Special Aisle,,
A3019NU4,ZZ,Special Aisle,,
A3019NX1,ZZ,Special Aisle,,
A3019NX2,ZZ,Special Aisle,,
A3019NX3,ZZ,Special Aisle,,
A3019NX4,ZZ,Special Aisle,,
A3019NY1,ZZ,Special Aisle,,
A3019NY2,ZZ,Special Aisle,,
A3019NY3,ZZ,Special Aisle,,
A3019NY4,ZZ,Special Aisle,,
A3019QB1,ZZ,Special Aisle,,
A3019QB2,ZZ,Special Aisle,,
A3019QB3,ZZ,Special Aisle,,
A3019QB4,ZZ,Special Aisle,,
A3019QC1,ZZ,Special Aisle,,
A3019QC2,ZZ,Special Aisle,,
A3019QC3,ZZ,Special Aisle,,
A3019QC4,ZZ,Special Aisle,,
A3019QF1,ZZ,Special Aisle,,
A3019QF2,ZZ,Special Aisle,,
A3019QF3,ZZ,Special Aisle,,
A3019QF4,ZZ,Special Aisle,,
A3019QG1,ZZ,Special Aisle,,
A3019QG2,ZZ,Special Aisle,,
A3019QG3,ZZ,Special Aisle,,
A3019QG4,ZZ,Special Aisle,,
A3019QK1,ZZ,Special Aisle,,
A3019QK2,ZZ,Special Aisle,,
A3019QK3,ZZ,Special Aisle,,
A3019QK4,ZZ,Special Aisle,,
A3019QL1,ZZ,Special Aisle,,
A3019QL2,ZZ,Special Aisle,,
A3019QL3,ZZ,Special Aisle,,
A3019QL4,ZZ,Special Aisle,,
A3019QP1,ZZ,Special Aisle,,
A3019QP2,ZZ,Special Aisle,,
A3019QP3,ZZ,Special Aisle,,
A3019QP4,ZZ,Special Aisle,,
A3019QQ1,ZZ,Special Aisle,,
A3019QQ2,ZZ,Special Aisle,,
A3019QQ3,ZZ,Special Aisle,,
A3019QQ4,ZZ,Special Aisle,,
A3019QT1,ZZ,Special Aisle,,
A3019QT2,ZZ,Special Aisle,,
A3019QT3,ZZ,Special Aisle,,
A3019QT4,ZZ,Special Aisle,,
A3019QU1,ZZ,Special Aisle,,
A3019QU2,ZZ,Special Aisle,,
A3019QU3,ZZ,Special Aisle,,
A3019QU4,ZZ,Special Aisle,,
A3019QX1,ZZ,Special Aisle,,
A3019QX2,ZZ,Special Aisle,,
A3019QX3,ZZ,Special Aisle,,
A3019QX4,ZZ,Special Aisle,,
A3019QY1,ZZ,Special Aisle,,
A3019QY2,ZZ,Special Aisle,,
A3019QY3,ZZ,Special Aisle,,
A3019QY4,ZZ,Special Aisle,,
A3019SB1,ZZ,Special Aisle,,
A3019SB2,ZZ,Special Aisle,,
A3019SB3,ZZ,Special Aisle,,
A3019SB4,ZZ,Special Aisle,,
A3019SC1,ZZ,Special Aisle,,
A3019SC2,ZZ,Special Aisle,,
A3019SC3,ZZ,Special Aisle,,
A3019SC4,ZZ,Special Aisle,,
A3019SF1,ZZ,Special Aisle,,
A3019SF2,ZZ,Special Aisle,,
A3019SF3,ZZ,Special Aisle,,
A3019SF4,ZZ,Special Aisle,,
A3019SG1,ZZ,Special Aisle,,
A3019SG2,ZZ,Special Aisle,,
A3019SG3,ZZ,Special Aisle,,
A3019SG4,ZZ,Special Aisle,,
A3019SK1,ZZ,Special Aisle,,
A3019SK2,ZZ,Special Aisle,,
A3019SK3,ZZ,Special Aisle,,
A3019SK4,ZZ,Special Aisle,,
A3019SL1,ZZ,Special Aisle,,
A3019SL2,ZZ,Special Aisle,,
A3019SL3,ZZ,Special Aisle,,
A3019SL4,ZZ,Special Aisle,,
A3019SP1,ZZ,Special Aisle,,
A3019SP2,ZZ,Special Aisle,,
A3019SP3,ZZ,Special Aisle,,
A3019SP4,ZZ,Special Aisle,,
A3019SQ1,ZZ,Special Aisle,,
A3019SQ2,ZZ,Special Aisle,,
A3019SQ3,ZZ,Special Aisle,,
A3019SQ4,ZZ,Special Aisle,,
A3019ST1,ZZ,Special Aisle,,
A3019ST2,ZZ,Special Aisle,,
A3019ST3,ZZ,Special Aisle,,
A3019ST4,ZZ,Special Aisle,,
A3019SU1,ZZ,Special Aisle,,
A3019SU2,ZZ,Special Aisle,,
A3019SU3,ZZ,Special Aisle,,
A3019SU4,ZZ,Special Aisle,,
A3019SX1,ZZ,Special Aisle,,
A3019SX2,ZZ,Special Aisle,,
A3019SX3,ZZ,Special Aisle,,
A3019SX4,ZZ,Special Aisle,,
A3019SY1,ZZ,Special Aisle,,
A3019SY2,ZZ,Special Aisle,,
A3019SY3,ZZ,Special Aisle,,
A3019SY4,ZZ,Special Aisle,,
A3019UB1,ZZ,Special Aisle,,
A3019UB2,ZZ,Special Aisle,,
A3019UB3,ZZ,Special Aisle,,
A3019UB4,ZZ,Special Aisle,,
A3019UC1,ZZ,Special Aisle,,
A3019UC2,ZZ,Special Aisle,,
A3019UC3,ZZ,Special Aisle,,
A3019UC4,ZZ,Special Aisle,,
A3019UF1,ZZ,Special Aisle,,
A3019UF2,ZZ,Special Aisle,,
A3019UF3,ZZ,Special Aisle,,
A3019UF4,ZZ,Special Aisle,,
A3019UG1,ZZ,Special Aisle,,
A3019UG2,ZZ,Special Aisle,,
A3019UG3,ZZ,Special Aisle,,
A3019UG4,ZZ,Special Aisle,,
A3019UK1,ZZ,Special Aisle,,
A3019UK2,ZZ,Special Aisle,,
A3019UK3,ZZ,Special Aisle,,
A3019UK4,ZZ,Special Aisle,,
A3019UL1,ZZ,Special Aisle,,
A3019UL2,ZZ,Special Aisle,,
A3019UL3,ZZ,Special Aisle,,
A3019UL4,ZZ,Special Aisle,,
A3019UP1,ZZ,Special Aisle,,
A3019UP2,ZZ,Special Aisle,,
A3019UP3,ZZ,Special Aisle,,
A3019UP4,ZZ,Special Aisle,,
A3019UQ1,ZZ,Special Aisle,,
A3019UQ2,ZZ,Special Aisle,,
A3019UQ3,ZZ,Special Aisle,,
A3019UQ4,ZZ,Special Aisle,,
A3019UT1,ZZ,Special Aisle,,
A3019UT2,ZZ,Special Aisle,,
A3019UT3,ZZ,Special Aisle,,
A3019UT4,ZZ,Special Aisle,,
A3019UU1,ZZ,Special Aisle,,
A3019UU2,ZZ,Special Aisle,,
A3019UU3,ZZ,Special Aisle,,
A3019UU4,ZZ,Special Aisle,,
A3019UX1,ZZ,Special Aisle,,
A3019UX2,ZZ,Special Aisle,,
A3019UX3,ZZ,Special Aisle,,
A3019UX4,ZZ,Special Aisle,,
A3019UY1,ZZ,Special Aisle,,
A3019UY2,ZZ,Special Aisle,,
A3019UY3,ZZ,Special Aisle,,
A3019UY4,ZZ,Special Aisle,,
A3019WB1,ZZ,Special Aisle,,
A3019WB2,ZZ,Special Aisle,,
A3019WB3,ZZ,Special Aisle,,
A3019WB4,ZZ,Special Aisle,,
A3019WC1,ZZ,Special Aisle,,
A3019WC2,ZZ,Special Aisle,,
A3019WC3,ZZ,Special Aisle,,
A3019WC4,ZZ,Special Aisle,,
A3019DB1,ZZ,Special Aisle,,
A3019DB2,ZZ,Special Aisle,,
A3019DB3,ZZ,Special Aisle,,
A3019DB4,ZZ,Special Aisle,,
A3019DC1,ZZ,Special Aisle,,
A3019DC2,ZZ,Special Aisle,,
A3019DC3,ZZ,Special Aisle,,
A3019DC4,ZZ,Special Aisle,,
A3019DF1,ZZ,Special Aisle,,
A3019DF2,ZZ,Special Aisle,,
A3019DF3,ZZ,Special Aisle,,
A3019DF4,ZZ,Special Aisle,,
A3019DG1,ZZ,Special Aisle,,
A3019DG2,ZZ,Special Aisle,,
A3019DG3,ZZ,Special Aisle,,
A3019DG4,ZZ,Special Aisle,,
A3019DK1,ZZ,Special Aisle,,
A3019DK2,ZZ,Special Aisle,,
A3019DK3,ZZ,Special Aisle,,
A3019DK4,ZZ,Special Aisle,,
A3019DL1,ZZ,Special Aisle,,
A3019DL2,ZZ,Special Aisle,,
A3019DL3,ZZ,Special Aisle,,
A3019DL4,ZZ,Special Aisle,,
A3019DP1,ZZ,Special Aisle,,
A3019DP2,ZZ,Special Aisle,,
A3019DP3,ZZ,Special Aisle,,
A3019DP4,ZZ,Special Aisle,,
A3019DQ1,ZZ,Special Aisle,,
A3019DQ2,ZZ,Special Aisle,,
A3019DQ3,ZZ,Special Aisle,,
A3019DQ4,ZZ,Special Aisle,,
A3019DT1,ZZ,Special Aisle,,
A3019DT2,ZZ,Special Aisle,,
A3019DT3,ZZ,Special Aisle,,
A3019DT4,ZZ,Special Aisle,,
A3019DU1,ZZ,Special Aisle,,
A3019DU2,ZZ,Special Aisle,,
A3019DU3,ZZ,Special Aisle,,
A3019DU4,ZZ,Special Aisle,,
A3019DX1,ZZ,Special Aisle,,
A3019DX2,ZZ,Special Aisle,,
A3019DX3,ZZ,Special Aisle,,
A3019DX4,ZZ,Special Aisle,,
A3019DY1,ZZ,Special Aisle,,
A3019DY2,ZZ,Special Aisle,,
A3019DY3,ZZ,Special Aisle,,
A3019DY4,ZZ,Special Aisle,,
A3019FB1,ZZ,Special Aisle,,
A3019FB2,ZZ,Special Aisle,,
A3019FB3,ZZ,Special Aisle,,
A3019FB4,ZZ,Special Aisle,,
A3019FC1,ZZ,Special Aisle,,
A3019FC2,ZZ,Special Aisle,,
A3019FC3,ZZ,Special Aisle,,
A3019FC4,ZZ,Special Aisle,,
A3019FF1,ZZ,Special Aisle,,
A3019FF2,ZZ,Special Aisle,,
A3019FF3,ZZ,Special Aisle,,
A3019FF4,ZZ,Special Aisle,,
A3019FG1,ZZ,Special Aisle,,
A3019FG2,ZZ,Special Aisle,,
A3019FG3,ZZ,Special Aisle,,
A3019FG4,ZZ,Special Aisle,,
A3019FK1,ZZ,Special Aisle,,
A3019FK2,ZZ,Special Aisle,,
A3019FK3,ZZ,Special Aisle,,
A3019FK4,ZZ,Special Aisle,,
A3019FL1,ZZ,Special Aisle,,
A3019FL2,ZZ,Special Aisle,,
A3019FL3,ZZ,Special Aisle,,
A3019FL4,ZZ,Special Aisle,,
A3019FP1,ZZ,Special Aisle,,
A3019FP2,ZZ,Special Aisle,,
A3019FP3,ZZ,Special Aisle,,
A3019FP4,ZZ,Special Aisle,,
A3019FQ1,ZZ,Special Aisle,,
A3019FQ2,ZZ,Special Aisle,,
A3019FQ3,ZZ,Special Aisle,,
A3019FQ4,ZZ,Special Aisle,,
A3019FT1,ZZ,Special Aisle,,
A3019FT2,ZZ,Special Aisle,,
A3019FT3,ZZ,Special Aisle,,
A3019FT4,ZZ,Special Aisle,,
A3019FU1,ZZ,Special Aisle,,
A3019FU2,ZZ,Special Aisle,,
A3019FU3,ZZ,Special Aisle,,
A3019FU4,ZZ,Special Aisle,,
A3019FX1,ZZ,Special Aisle,,
A3019FX2,ZZ,Special Aisle,,
A3019FX3,ZZ,Special Aisle,,
A3019FX4,ZZ,Special Aisle,,
A3019FY1,ZZ,Special Aisle,,
A3019FY2,ZZ,Special Aisle,,
A3019FY3,ZZ,Special Aisle,,
A3019FY4,ZZ,Special Aisle,,
A3019HB1,ZZ,Special Aisle,,
A3019HB2,ZZ,Special Aisle,,
A3019HB3,ZZ,Special Aisle,,
A3019HB4,ZZ,Special Aisle,,
A3019HC1,ZZ,Special Aisle,,
A3019HC2,ZZ,Special Aisle,,
A3019HC3,ZZ,Special Aisle,,
A3019HC4,ZZ,Special Aisle,,
A3019HF1,ZZ,Special Aisle,,
A3019HF2,ZZ,Special Aisle,,
A3019HF3,ZZ,Special Aisle,,
A3019HF4,ZZ,Special Aisle,,
A3019HG1,ZZ,Special Aisle,,
A3019HG2,ZZ,Special Aisle,,
A3019HG3,ZZ,Special Aisle,,
A3019HG4,ZZ,Special Aisle,,
A3019HK1,ZZ,Special Aisle,,
A3019HK2,ZZ,Special Aisle,,
A3019HK3,ZZ,Special Aisle,,
A3019HK4,ZZ,Special Aisle,,
A3019HL1,ZZ,Special Aisle,,
A3019HL2,ZZ,Special Aisle,,
A3019HL3,ZZ,Special Aisle,,
A3019HL4,ZZ,Special Aisle,,
A3019HP1,ZZ,Special Aisle,,
A3019HP2,ZZ,Special Aisle,,
A3019HP3,ZZ,Special Aisle,,
A3019HP4,ZZ,Special Aisle,,
A3019HQ1,ZZ,Special Aisle,,
A3019HQ2,ZZ,Special Aisle,,
A3019HQ3,ZZ,Special Aisle,,
A3019HQ4,ZZ,Special Aisle,,
A3019HT1,ZZ,Special Aisle,,
A3019HT2,ZZ,Special Aisle,,
A3019HT3,ZZ,Special Aisle,,
A3019HT4,ZZ,Special Aisle,,
A3019HU1,ZZ,Special Aisle,,
A3019HU2,ZZ,Special Aisle,,
A3019HU3,ZZ,Special Aisle,,
A3019HU4,ZZ,Special Aisle,,
A3019HX1,ZZ,Special Aisle,,
A3019HX2,ZZ,Special Aisle,,
A3019HX3,ZZ,Special Aisle,,
A3019HX4,ZZ,Special Aisle,,
A3019HY1,ZZ,Special Aisle,,
A3019HY2,ZZ,Special Aisle,,
A3019HY3,ZZ,Special Aisle,,
A3019HY4,ZZ,Special Aisle,,
A3019KB1,ZZ,Special Aisle,,
A3019KB2,ZZ,Special Aisle,,
A3019KB3,ZZ,Special Aisle,,
A3019KB4,ZZ,Special Aisle,,
A3019KC1,ZZ,Special Aisle,,
A3019KC2,ZZ,Special Aisle,,
A3019KC3,ZZ,Special Aisle,,
A3019KC4,ZZ,Special Aisle,,
A3019KF1,ZZ,Special Aisle,,
A3019KF2,ZZ,Special Aisle,,
A3019KF3,ZZ,Special Aisle,,
A3019KF4,ZZ,Special Aisle,,
A3019KG1,ZZ,Special Aisle,,
A3019KG2,ZZ,Special Aisle,,
A3019KG3,ZZ,Special Aisle,,
A3019KG4,ZZ,Special Aisle,,
A3019KK1,ZZ,Special Aisle,,
A3019KK2,ZZ,Special Aisle,,
A3019KK3,ZZ,Special Aisle,,
A3019KK4,ZZ,Special Aisle,,
A3019KL1,ZZ,Special Aisle,,
A3019KL2,ZZ,Special Aisle,,
A3019KL3,ZZ,Special Aisle,,
A3019KL4,ZZ,Special Aisle,,
A3019KP1,ZZ,Special Aisle,,
A3019KP2,ZZ,Special Aisle,,
A3019KP3,ZZ,Special Aisle,,
A3019KP4,ZZ,Special Aisle,,
A3019KQ1,ZZ,Special Aisle,,
A3019KQ2,ZZ,Special Aisle,,
A3019KQ3,ZZ,Special Aisle,,
A3019KQ4,ZZ,Special Aisle,,
A3019KT1,ZZ,Special Aisle,,
A3019KT2,ZZ,Special Aisle,,
A3019KT3,ZZ,Special Aisle,,
A3019KT4,ZZ,Special Aisle,,
A3019KU1,ZZ,Special Aisle,,
A3019KU2,ZZ,Special Aisle,,
A3019KU3,ZZ,Special Aisle,,
A3019KU4,ZZ,Special Aisle,,
A3019KX1,ZZ,Special Aisle,,
A3019KX2,ZZ,Special Aisle,,
A3019KX3,ZZ,Special Aisle,,
A3019KX4,ZZ,Special Aisle,,
A3019KY1,ZZ,Special Aisle,,
A3019KY2,ZZ,Special Aisle,,
A3019KY3,ZZ,Special Aisle,,
A3019KY4,ZZ,Special Aisle,,
A3019MB1,ZZ,Special Aisle,,
A3019MB2,ZZ,Special Aisle,,
A3019MB3,ZZ,Special Aisle,,
A3019MB4,ZZ,Special Aisle,,
A3019MC1,ZZ,Special Aisle,,
A3019MC2,ZZ,Special Aisle,,
A3019MC3,ZZ,Special Aisle,,
A3019MC4,ZZ,Special Aisle,,
A3019MF1,ZZ,Special Aisle,,
A3019MF2,ZZ,Special Aisle,,
A3019MF3,ZZ,Special Aisle,,
A3019MF4,ZZ,Special Aisle,,
A3019MG1,ZZ,Special Aisle,,
A3019MG2,ZZ,Special Aisle,,
A3019MG3,ZZ,Special Aisle,,
A3019MG4,ZZ,Special Aisle,,
A3019MJ1,ZZ,Special Aisle,,
A3019MJ2,ZZ,Special Aisle,,
A3019MJ3,ZZ,Special Aisle,,
A3019MJ4,ZZ,Special Aisle,,
A3019MK1,ZZ,Special Aisle,,
A3019MK2,ZZ,Special Aisle,,
A3019MK3,ZZ,Special Aisle,,
A3019MK4,ZZ,Special Aisle,,
A3019ML1,ZZ,Special Aisle,,
A3019ML2,ZZ,Special Aisle,,
A3019ML3,ZZ,Special Aisle,,
A3019ML4,ZZ,Special Aisle,,
A3019MM1,ZZ,Special Aisle,,
A3019MM2,ZZ,Special Aisle,,
A3019MM3,ZZ,Special Aisle,,
A3019MM4,ZZ,Special Aisle,,
A3019MN1,ZZ,Special Aisle,,
A3019MN2,ZZ,Special Aisle,,
A3019MN3,ZZ,Special Aisle,,
A3019MN4,ZZ,Special Aisle,,
A3019MP1,ZZ,Special Aisle,,
A3019MP2,ZZ,Special Aisle,,
A3019MP3,ZZ,Special Aisle,,
A3019MP4,ZZ,Special Aisle,,
A3019MQ1,ZZ,Special Aisle,,
A3019MQ2,ZZ,Special Aisle,,
A3019MQ3,ZZ,Special Aisle,,
A3019MQ4,ZZ,Special Aisle,,
A3019MR1,ZZ,Special Aisle,,
A3019MR2,ZZ,Special Aisle,,
A3019MR3,ZZ,Special Aisle,,
A3019MR4,ZZ,Special Aisle,,
A3019MT1,ZZ,Special Aisle,,
A3019MT2,ZZ,Special Aisle,,
A3019MT3,ZZ,Special Aisle,,
A3019MT4,ZZ,Special Aisle,,
A3019MU1,ZZ,Special Aisle,,
A3019MU2,ZZ,Special Aisle,,
A3019MU3,ZZ,Special Aisle,,
A3019MU4,ZZ,Special Aisle,,
A3019MX1,ZZ,Special Aisle,,
A3019MX2,ZZ,Special Aisle,,
A3019MX3,ZZ,Special Aisle,,
A3019MX4,ZZ,Special Aisle,,
A3019MY1,ZZ,Special Aisle,,
A3019MY2,ZZ,Special Aisle,,
A3019MY3,ZZ,Special Aisle,,
A3019MY4,ZZ,Special Aisle,,
A3019PB1,ZZ,Special Aisle,,
A3019PB2,ZZ,Special Aisle,,
A3019PB3,ZZ,Special Aisle,,
A3019PB4,ZZ,Special Aisle,,
A3019PC1,ZZ,Special Aisle,,
A3019PC2,ZZ,Special Aisle,,
A3019PC3,ZZ,Special Aisle,,
A3019PC4,ZZ,Special Aisle,,
A3019PF1,ZZ,Special Aisle,,
A3019PF2,ZZ,Special Aisle,,
A3019PF3,ZZ,Special Aisle,,
A3019PF4,ZZ,Special Aisle,,
A3019PG1,ZZ,Special Aisle,,
A3019PG2,ZZ,Special Aisle,,
A3019PG3,ZZ,Special Aisle,,
A3019PG4,ZZ,Special Aisle,,
A3019PK1,ZZ,Special Aisle,,
A3019PK2,ZZ,Special Aisle,,
A3019PK3,ZZ,Special Aisle,,
A3019PK4,ZZ,Special Aisle,,
A3019PL1,ZZ,Special Aisle,,
A3019PL2,ZZ,Special Aisle,,
A3019PL3,ZZ,Special Aisle,,
A3019PL4,ZZ,Special Aisle,,
A3019PP1,ZZ,Special Aisle,,
A3019PP2,ZZ,Special Aisle,,
A3019PP3,ZZ,Special Aisle,,
A3019PP4,ZZ,Special Aisle,,
A3019PQ1,ZZ,Special Aisle,,
A3019PQ2,ZZ,Special Aisle,,
A3019PQ3,ZZ,Special Aisle,,
A3019PQ4,ZZ,Special Aisle,,
A3019PT1,ZZ,Special Aisle,,
A3019PT2,ZZ,Special Aisle,,
A3019PT3,ZZ,Special Aisle,,
A3019PT4,ZZ,Special Aisle,,
A3019PU1,ZZ,Special Aisle,,
A3019PU2,ZZ,Special Aisle,,
A3019PU3,ZZ,Special Aisle,,
A3019PU4,ZZ,Special Aisle,,
A3019PX1,ZZ,Special Aisle,,
A3019PX2,ZZ,Special Aisle,,
A3019PX3,ZZ,Special Aisle,,
A3019PX4,ZZ,Special Aisle,,
A3019PY1,ZZ,Special Aisle,,
A3019PY2,ZZ,Special Aisle,,
A3019PY3,ZZ,Special Aisle,,
A3019PY4,ZZ,Special Aisle,,
A3019RB1,ZZ,Special Aisle,,
A3019RB2,ZZ,Special Aisle,,
A3019RB3,ZZ,Special Aisle,,
A3019RB4,ZZ,Special Aisle,,
A3019RC1,ZZ,Special Aisle,,
A3019RC2,ZZ,Special Aisle,,
A3019RC3,ZZ,Special Aisle,,
A3019RC4,ZZ,Special Aisle,,
A3019RF1,ZZ,Special Aisle,,
A3019RF2,ZZ,Special Aisle,,
A3019RF3,ZZ,Special Aisle,,
A3019RF4,ZZ,Special Aisle,,
A3019RG1,ZZ,Special Aisle,,
A3019RG2,ZZ,Special Aisle,,
A3019RG3,ZZ,Special Aisle,,
A3019RG4,ZZ,Special Aisle,,
A3019RK1,ZZ,Special Aisle,,
A3019RK2,ZZ,Special Aisle,,
A3019RK3,ZZ,Special Aisle,,
A3019RK4,ZZ,Special Aisle,,
A3019RL1,ZZ,Special Aisle,,
A3019RL2,ZZ,Special Aisle,,
A3019RL3,ZZ,Special Aisle,,
A3019RL4,ZZ,Special Aisle,,
A3019RP1,ZZ,Special Aisle,,
A3019RP2,ZZ,Special Aisle,,
A3019RP3,ZZ,Special Aisle,,
A3019RP4,ZZ,Special Aisle,,
A3019RQ1,ZZ,Special Aisle,,
A3019RQ2,ZZ,Special Aisle,,
A3019RQ3,ZZ,Special Aisle,,
A3019RQ4,ZZ,Special Aisle,,
A3019RT1,ZZ,Special Aisle,,
A3019RT2,ZZ,Special Aisle,,
A3019RT3,ZZ,Special Aisle,,
A3019RT4,ZZ,Special Aisle,,
A3019RU1,ZZ,Special Aisle,,
A3019RU2,ZZ,Special Aisle,,
A3019RU3,ZZ,Special Aisle,,
A3019RU4,ZZ,Special Aisle,,
A3019RX1,ZZ,Special Aisle,,
A3019RX2,ZZ,Special Aisle,,
A3019RX3,ZZ,Special Aisle,,
A3019RX4,ZZ,Special Aisle,,
A3019RY1,ZZ,Special Aisle,,
A3019RY2,ZZ,Special Aisle,,
A3019RY3,ZZ,Special Aisle,,
A3019RY4,ZZ,Special Aisle,,
A3019TB1,ZZ,Special Aisle,,
A3019TB2,ZZ,Special Aisle,,
A3019TB3,ZZ,Special Aisle,,
A3019TB4,ZZ,Special Aisle,,
A3019TC1,ZZ,Special Aisle,,
A3019TC2,ZZ,Special Aisle,,
A3019TC3,ZZ,Special Aisle,,
A3019TC4,ZZ,Special Aisle,,
A3019TF1,ZZ,Special Aisle,,
A3019TF2,ZZ,Special Aisle,,
A3019TF3,ZZ,Special Aisle,,
A3019TF4,ZZ,Special Aisle,,
A3019TG1,ZZ,Special Aisle,,
A3019TG2,ZZ,Special Aisle,,
A3019TG3,ZZ,Special Aisle,,
A3019TG4,ZZ,Special Aisle,,
A3019TK1,ZZ,Special Aisle,,
A3019TK2,ZZ,Special Aisle,,
A3019TK3,ZZ,Special Aisle,,
A3019TK4,ZZ,Special Aisle,,
A3019TL1,ZZ,Special Aisle,,
A3019TL2,ZZ,Special Aisle,,
A3019TL3,ZZ,Special Aisle,,
A3019TL4,ZZ,Special Aisle,,
A3019TP1,ZZ,Special Aisle,,
A3019TP2,ZZ,Special Aisle,,
A3019TP3,ZZ,Special Aisle,,
A3019TP4,ZZ,Special Aisle,,
A3019TQ1,ZZ,Special Aisle,,
A3019TQ2,ZZ,Special Aisle,,
A3019TQ3,ZZ,Special Aisle,,
A3019TQ4,ZZ,Special Aisle,,
A3019TT1,ZZ,Special Aisle,,
A3019TT2,ZZ,Special Aisle,,
A3019TT3,ZZ,Special Aisle,,
A3019TT4,ZZ,Special Aisle,,
A3019TU1,ZZ,Special Aisle,,
A3019TU2,ZZ,Special Aisle,,
A3019TU3,ZZ,Special Aisle,,
A3019TU4,ZZ,Special Aisle,,
A3019TX1,ZZ,Special Aisle,,
A3019TX2,ZZ,Special Aisle,,
A3019TX3,ZZ,Special Aisle,,
A3019TX4,ZZ,Special Aisle,,
A3019TY1,ZZ,Special Aisle,,
A3019TY2,ZZ,Special Aisle,,
A3019TY3,ZZ,Special Aisle,,
A3019TY4,ZZ,Special Aisle,,
A3019VB1,ZZ,Special Aisle,,
A3019VB2,ZZ,Special Aisle,,
A3019VB3,ZZ,Special Aisle,,
A3019VB4,ZZ,Special Aisle,,
A3019VC1,ZZ,Special Aisle,,
A3019VC2,ZZ,Special Aisle,,
A3019VC3,ZZ,Special Aisle,,
A3019VC4,ZZ,Special Aisle,,
A3019VF1,ZZ,Special Aisle,,
A3019VF2,ZZ,Special Aisle,,
A3019VF3,ZZ,Special Aisle,,
A3019VF4,ZZ,Special Aisle,,
A3019VG1,ZZ,Special Aisle,,
A3019VG2,ZZ,Special Aisle,,
A3019VG3,ZZ,Special Aisle,,
A3019VG4,ZZ,Special Aisle,,
A3019VK1,ZZ,Special Aisle,,
A3019VK2,ZZ,Special Aisle,,
A3019VK3,ZZ,Special Aisle,,
A3019VK4,ZZ,Special Aisle,,
A3019VL1,ZZ,Special Aisle,,
A3019VL2,ZZ,Special Aisle,,
A3019VL3,ZZ,Special Aisle,,
A3019VL4,ZZ,Special Aisle,,
A3019VP1,ZZ,Special Aisle,,
A3019VP2,ZZ,Special Aisle,,
A3019VP3,ZZ,Special Aisle,,
A3019VP4,ZZ,Special Aisle,,
A3019VQ1,ZZ,Special Aisle,,
A3019VQ2,ZZ,Special Aisle,,
A3019VQ3,ZZ,Special Aisle,,
A3019VQ4,ZZ,Special Aisle,,
A3019VT1,ZZ,Special Aisle,,
A3019VT2,ZZ,Special Aisle,,
A3019VT3,ZZ,Special Aisle,,
A3019VT4,ZZ,Special Aisle,,
A3019VU1,ZZ,Special Aisle,,
A3019VU2,ZZ,Special Aisle,,
A3019VU3,ZZ,Special Aisle,,
A3019VU4,ZZ,Special Aisle,,
A3019VX1,ZZ,Special Aisle,,
A3019VX2,ZZ,Special Aisle,,
A3019VX3,ZZ,Special Aisle,,
A3019VX4,ZZ,Special Aisle,,
A3019VY1,ZZ,Special Aisle,,
A3019VY2,ZZ,Special Aisle,,
A3019VY3,ZZ,Special Aisle,,
A3019VY4,ZZ,Special Aisle,,
A3019XB1,ZZ,Special Aisle,,
A3019XB2,ZZ,Special Aisle,,
A3019XB3,ZZ,Special Aisle,,
A3019XB4,ZZ,Special Aisle,,
A3019XC1,ZZ,Special Aisle,,
A3019XC2,ZZ,Special Aisle,,
A3019XC3,ZZ,Special Aisle,,
A3019XC4,ZZ,Special Aisle,,
A3010LA1,ZZ,for RPC,,
A3010LA2,ZZ,for RPC,,
A3010LA3,ZZ,for RPC,,
A3010LA4,ZZ,for RPC,,
A3010LA5,ZZ,for RPC,,
A3010LB1,ZZ,for RPC,,
A3010LB2,ZZ,for RPC,,
A3010LB3,ZZ,for RPC,,
A3010LB4,ZZ,for RPC,,
A3010LB5,ZZ,for RPC,,
A3010LC1,ZZ,for RPC,,
A3010LC2,ZZ,for RPC,,
A3010LC3,ZZ,for RPC,,
A3010LC4,ZZ,for RPC,,
A3010LD1,ZZ,for RPC,,
A3010LD2,ZZ,for RPC,,
A3010LD3,ZZ,for RPC,,
A3010LD4,ZZ,for RPC,,
A3010LE1,ZZ,for RPC,,
A3010LE2,ZZ,for RPC,,
A3010LE3,ZZ,for RPC,,
A3010LE4,ZZ,for RPC,,
A3010LF1,ZZ,for RPC,,
A3010LF2,ZZ,for RPC,,
A3010LF3,ZZ,for RPC,,
A3010LF4,ZZ,for RPC,,
A3010LG1,ZZ,for RPC,,
A3010LG2,ZZ,for RPC,,
A3010LG3,ZZ,for RPC,,
A3010LG4,ZZ,for RPC,,
A3010LH2,ZZ,for RPC,,
A3010LH3,ZZ,for RPC,,
A3010LH4,ZZ,for RPC,,
A3010LP4,ZZ,for RPC,,
